path,slug,title,date,expiryDate,publishDate,draft,permalink
content/posts/aws-streamlike-comparison.md,,Comparing AWS stream-like tools,2020-03-04T12:24:40-08:00,0001-01-01T00:00:00Z,2020-03-04T12:24:40-08:00,false,https://teetotality.blog/posts/aws-streamlike-comparison/
content/posts/not-game-over-game-on.md,,"It's not game over, it's game on",2020-02-25T15:10:52-08:00,0001-01-01T00:00:00Z,2020-02-25T15:10:52-08:00,false,https://teetotality.blog/posts/not-game-over-game-on/
content/posts/false-refuge-deep-adaptation.md,,"The False Refuge Of ""Deep Adaptation""",2020-02-21T16:55:45-08:00,0001-01-01T00:00:00Z,2020-02-21T16:55:45-08:00,false,https://teetotality.blog/posts/false-refuge-deep-adaptation/
content/posts/dancing-with-dissonance.md,,Dancing With Climate Dissonance,2020-02-21T10:38:13-08:00,0001-01-01T00:00:00Z,2020-02-21T10:38:13-08:00,false,https://teetotality.blog/posts/dancing-with-dissonance/
content/posts/relationship-to-climate-crisis.md,,My relationship to the climate crisis,2020-01-31T09:33:02-08:00,0001-01-01T00:00:00Z,2020-01-31T09:33:02-08:00,false,https://teetotality.blog/posts/relationship-to-climate-crisis/
content/posts/nordhaus-fake-climate-debate.md,,Ted Nordhaus's Fake Fake Climate Debate,2020-01-28T11:52:20-08:00,0001-01-01T00:00:00Z,2020-01-28T11:52:20-08:00,false,https://teetotality.blog/posts/nordhaus-fake-climate-debate/
content/shares/donella-meadows-information-flows.md,,System Leverage Points: Information Flows,2020-01-27T19:56:12-08:00,0001-01-01T00:00:00Z,2020-01-27T19:56:12-08:00,false,https://teetotality.blog/shares/donella-meadows-information-flows/
content/posts/climate-venture-studios.md,,Starting A Climate Studio - Where Is The Money?,2020-01-20T13:37:45-08:00,0001-01-01T00:00:00Z,2020-01-20T13:37:45-08:00,false,https://teetotality.blog/posts/climate-venture-studios/
content/posts/shortcuts-secretly-awesome.md,,Shortcuts Secretly Awesome,2020-01-19T17:21:09-08:00,0001-01-01T00:00:00Z,2020-01-19T17:21:09-08:00,true,https://teetotality.blog/posts/shortcuts-secretly-awesome/
content/big-think/sensation-action-loops.md,,Sensation Action Loops,2020-01-15T11:33:20-08:00,0001-01-01T00:00:00Z,2020-01-15T11:33:20-08:00,true,https://teetotality.blog/big-think/sensation-action-loops/
content/big-think/death-is-all-around-us.md,,Death Is All Around Us,2020-01-15T11:26:18-08:00,0001-01-01T00:00:00Z,2020-01-15T11:26:18-08:00,true,https://teetotality.blog/big-think/death-is-all-around-us/
content/posts/why-ipfs.md,,Why build this blog - or anything - on IPFS?,2020-01-15T11:08:32-08:00,0001-01-01T00:00:00Z,2020-01-15T11:08:32-08:00,false,https://teetotality.blog/posts/why-ipfs/
content/posits/value-stacking.md,,"Why I Hate ""Value Stacking"" And Other Jargon",2020-01-14T19:24:40-08:00,0001-01-01T00:00:00Z,2020-01-14T19:24:40-08:00,false,https://teetotality.blog/posits/value-stacking/
content/posts/this-blog.md,how-this-blog-was-made,How This Blog Was Made,2020-01-14T16:11:17-08:00,0001-01-01T00:00:00Z,2020-01-14T16:11:17-08:00,false,https://teetotality.blog/posts/how-this-blog-was-made/
content/posts/think-do-build.md,,Think Do Build,2020-01-14T09:51:09-08:00,0001-01-01T00:00:00Z,2020-01-14T09:51:09-08:00,false,https://teetotality.blog/posts/think-do-build/
content/posts/hello-world.md,,"Hello, World. All Of It.",2020-01-14T09:35:36-08:00,0001-01-01T00:00:00Z,2020-01-14T09:35:36-08:00,false,https://teetotality.blog/posts/hello-world/
content/about/index.md,,Hi! I'm Beau.,0001-01-01T00:00:00Z,0001-01-01T00:00:00Z,0001-01-01T00:00:00Z,false,https://teetotality.blog/about/
